Code,co2_pc,renew_share,gdp_pc,ind_share,ln_co2,ln_gdp,ln_gdp_squared
AFG,0.24800518,20.82,522.082215583898,10.4668076938201,-1.394305645938513,6.257825076599218,39.16037468931401
ALB,1.5718573,39.44,4457.63412207495,23.8670178864359,0.45225791380519204,8.402373438364819,70.59987939773863
DZA,3.8752885,0.08,4424.98529027556,32.205164049828,1.3546201116468297,8.395022233204992,70.47639829600614
AND,6.546754,18.96,40129.8192026671,10.1407794073814,1.8789693542914312,10.599874957959686,112.35734912438086
AGO,0.87261665,49.49,2082.37343594705,37.0197637586645,-0.13625893756703367,7.641263597138681,58.388909360956774
ATG,6.596666,0.69,16556.8551801588,17.7641082763748,1.8865643698852175,9.71455550532531,94.37258866604628
ARG,4.3284545,10.47,12699.9623137756,22.0541072112108,1.465210549893827,9.449354305023036,89.29029678185738
ARM,1.7838441,13.26,3524.42476874707,25.5771330395605,0.5787706424468967,8.167472515759012,66.70760729567886
ABW,8.410633,6.96,27441.5502144601,12.7138128237982,2.129496738691042,10.219813574940124,104.44458950653045
AUS,16.837934,9.58,50084.4440606385,22.3130168026382,2.823634317202362,10.82146574106689,117.10412078508436
AUT,7.692762,34.63,45061.4993920192,25.9124691845374,2.0402798867825815,10.715783488887995,114.82801578072457
AZE,3.5189948,1.93,3880.6852276838,47.5578070076723,1.25817538064583,8.263767022097623,68.28984539550821
BHS,5.787847,0.32,30616.5363157284,13.1841863831865,1.7557603744184709,10.329295544450423,106.69434644460335
BHR,22.128733,0,23800.001440631,38.2033398636175,3.096876899825683,10.077440920190279,101.5548154999255
BGD,0.5084272,29.92,1649.28380858601,31.0691513830358,-0.6764332399178021,7.408096417262894,54.879892527463326
BRB,4.9049907,2.98,20311.4094163764,13.307652419376,1.590253196991064,9.918938047360019,98.38533198736619
BLR,6.125662,6.72,5039.77560949445,30.9584092512823,1.812486832223045,8.525116838148579,72.67761710408442
BEL,8.807806,9.2,41854.5498296444,19.0981057822176,2.1756383737463896,10.641955787562523,113.25122298443549
BLZ,1.8484907,31.72,6140.86713919469,15.4437192148553,0.614369468275591,8.72272123905134,76.08586581419735
BEN,0.4539761,45.42,1010.5338961993,15.7020683118185,-0.7897107254982957,6.918234080268521,47.861962789388826
BMU,9.698925,1.09,108747.356144305,5.34979364226582,2.2720150546255535,11.59678263733867,134.48536753767965
BTN,2.0862627,45.64,3152.30905106786,38.448996403302,0.7353742834529106,8.055890495367917,64.89737167335915
BOL,1.9006767,13.62,3035.87347732132,25.3263589797711,0.642209980657964,8.018254463510543,64.29240464160674
BIH,6.258016,23,4928.5665903114,22.3443510624615,1.8338632019708108,8.502803472287708,72.2976668883479
BWA,2.837354,32.85,6749.05994339013,40.3451621913098,1.0428719277392384,8.81715850652203,77.74228412913381
BRA,2.4197884,45.4,8836.28652735657,18.3547582766688,0.8836800983291399,9.086621991284124,82.56669921248826
BRN,17.851791,0.01,26663.2972950602,57.2893638536308,2.8821038393267684,10.191043265569652,103.85736284071255
BGR,6.3618603,17.71,7822.89886431732,24.4597733742659,1.8503208345822457,8.964810463609352,80.36782664843972
BFA,0.20624086,77.08,663.742364842886,24.8815173666488,-1.5787105699008073,6.497894069428423,42.22262733751307
BDI,0.038141336,89.04,232.937812100153,16.9063592990669,-3.266456650582248,5.4507715170836155,29.71091013145002
KHM,0.67139864,57.24,1675.19555711109,33.0562094608004,-0.39839222005636543,7.42368518795844,55.11110176991354
CMR,0.424868,78.81,1441.7201725688,24.1821445706245,-0.8559767465355296,7.273592243929721,52.90514413095459
CAN,15.231254,22.1,42314.1033623905,23.6141562599511,2.723349501009318,10.652875722287137,113.48376115449469
CPV,1.0365306,23.94,3608.96605234906,12.6668493291087,0.03587917488917795,8.191176598211477,67.09537406308735
CAF,0.05052546,91.38,387.176203444318,21.6382374370791,-2.9852779113301366,5.958879895467099,35.508249608601986
TCD,0.15756783,72.72,861.831767630746,25.3450186548517,-1.8478992467600543,6.759060086454947,45.684893252308356
CHL,4.6121125,24.55,13649.8520452803,26.7795648236165,1.528685994997429,9.521483961380758,90.658656826831
CHN,6.9428844,12.48,8254.86859320357,38.811156093921,1.9377173077693541,9.018558437778536,81.33439629562642
COL,1.9306005,29.73,5959.84250367574,27.689162311787,0.6578310944191876,8.692799334152472,75.56476026384166
COM,0.27662337,63.97,1365.48403444497,9.85451807028183,-1.2850983730819667,7.219264248750914,52.1177762932931
COG,1.0966322,67.71,2093.10728558843,38.4474514101503,0.09224384704385431,7.646404980371864,58.46750912385565
CRI,1.6085756,34.09,12091.0301560892,19.4720092390485,0.4753490669033126,9.400219147265025,88.364120016608
CIV,0.46093678,64.03,1862.59597081287,20.820713814142,-0.774494382049016,7.529726476879414,56.696780816618876
HRV,4.370736,31.83,12820.1872746645,20.2770886767859,1.474931415978897,9.458776338376117,89.4684498194239
CUB,2.4652224,15.96,8110.55874283616,22.9428012655288,0.9022820265485245,9.000922040277104,81.01659757514614
CUW,36.970398,2.67,18944.0961493998,17.1537621268712,3.610117538376122,9.849247613124811,97.00767854464479
CYP,5.9411874,10.27,24280.044921875,10.836514879496,1.7819090123873116,10.09741009533132,101.95769063329885
CZE,10.125045,14.77,18753.9686718096,33.0261220764687,2.315012057427171,9.839160671497723,96.80908271954752
COD,0.031676006,96.61,459.765036590388,38.655052456977,-3.4521957932161333,6.1307155689645825,37.58567338754472
DNK,6.44471,31.96,54500.9260410217,20.2319629319966,1.8632596392577707,10.90597297208536,118.94024646785638
DJI,0.412241,23.63,2510.4300076241,11.3387071221455,-0.8861471491937151,7.828209335231141,61.28086139619998
DMA,2.4732933,10.74,8802.56172041363,12.5108806035108,0.9055505823963574,9.082798062696035,82.49722064771485
DOM,2.2878761,15.3,7160.44200982307,25.8795514870557,0.8276239199533716,8.876326991264788,78.7891808558558
TLS,0.5234541,12.67,1335.54390089814,19.2291135084536,-0.6473059315986756,7.197093904265923,51.79816066682171
ECU,2.3855908,14.45,5917.63771271481,27.5339637947157,0.8694468085487345,8.685692613228005,75.44125617148353
EGY,2.411969,5.09,3270.6287768197,32.4559533476046,0.8804434263777027,8.092737531895827,65.49240076015535
SLV,1.0598669,20.7,3901.34014965811,24.8348278708617,0.058143334202165074,8.269075401208582,68.37760799087287
GNQ,4.997847,4.79,7453.19797948517,52.3302543282798,1.6090072196992984,8.91639847825962,79.50216182311046
EST,13.248403,27.23,18666.3736521706,23.2340417592371,2.583877016866225,9.834478983720828,96.71697688124665
SWZ,0.88929254,64.3,3238.17611961364,37.821426598306,-0.11732903123199045,8.08276552423885,65.33109851982412
ETH,0.13421538,89.18,641.651523286233,21.9325618536317,-2.0083094559441506,6.4640453577018855,41.783882386427294
FRO,12.6436615,6.32,56876.4302363804,15.6007434708684,2.5371560224037375,10.948636302950353,119.87263689428238
FJI,1.462942,27.46,5363.79026679243,16.2026860305427,0.3804494766861603,8.587426143486585,73.74388776983689
FIN,8.598358,42.53,43451.2562442158,23.4765920163918,2.1515712547974064,10.679395042685613,114.04947847773803
FRA,5.1545954,14.37,37024.2157133669,16.9433572396904,1.6398886274827482,10.519327456288199,110.65625013261875
PYF,3.1104233,8.08,19690.0775734589,10.6679176130323,1.134758826253868,9.88787011136431,97.76997533921164
GAB,2.672476,81.68,6677.07003901644,45.0378509048684,0.9830053835212672,8.80643455339645,77.55328954325493
GMB,0.25830215,48.62,650.056501323611,20.9355929614924,-1.3536252552603185,6.477059284225161,41.95229697136736
GEO,2.6484108,27.18,4143.40125686315,19.1221601510136,0.9739597619940862,8.329272289152755,69.37677686684798
DEU,9.642186,14.24,42948.9381932694,26.1732405694774,2.2661478464009783,10.667767205180603,113.80125714392676
GHA,0.4739508,45.62,1912.47991339951,27.6932546491989,-0.746651760142745,7.5561560628478945,57.095494446112994
GRC,6.6223903,16.42,17919.2426377048,14.3053359941807,1.890456377285479,9.793630422114855,95.9151968449736
GRL,9.079561,12.34,48181.7453541266,17.6874070578423,2.2060258434267777,10.782735501210665,116.26738488906881
GRD,2.3865147,11,9221.23461079424,12.1551895563471,0.8698340170928639,9.129264213312124,83.34346507646144
GTM,1.0156711,63.24,4060.13784737643,22.6144392993251,0.015549576275066278,8.308972204575173,69.03901909640282
GIN,0.22362354,75.35,711.996509782316,30.1038432883843,-1.4977912659615982,6.568073009408832,43.13958305692479
GNB,0.092005126,89.83,679.665386626818,12.0226933283458,-2.3859109860939487,6.521600598569827,42.53127436726633
GUY,2.893261,21.41,5870.87823759835,29.382927306177,1.0623842396916439,8.677759516213339,75.30351022123116
HTI,0.27895868,75.33,1318.40268167953,24.4486778891376,-1.2766916084871354,7.184176193194044,51.612387574856065
HND,1.0559229,51.83,2307.34468351082,25.8278974975697,0.054415171254974116,7.74385265469053,59.967253937557565
HKG,5.8539157,0.16,43734.1980702999,7.47571466772237,1.767110787756031,10.685885639577464,114.18815190212786
HUN,4.794759,15.34,13215.8605277789,25.4486066021034,1.567523446384074,9.489172942419579,90.04440313114785
ISL,10.411099,80.91,62854.0906407932,19.670587955545,2.342872448620394,11.048571297672773,122.07092771975861
IND,1.7504745,33.2,1707.50892912243,26.6189999399789,0.5598868940399844,7.44279082078555,55.395135201969644
IDN,2.0707185,14.03,3521.46943457574,39.3084439802081,0.7278956485007809,8.16663363448735,66.69390491994008
IRN,7.6919622,1.07,5710.59947089104,34.3222829592861,2.0401759135178907,8.650079283284937,74.82387160711525
IRQ,3.9805984,0.89,4334.42096404188,46.1825020614016,1.3814321597534474,8.37434330798439,70.12962583998294
IRL,8.492474,8.67,64129.5571542383,36.5192338386058,2.1391803595230403,11.06866064668071,122.51524851137823
ISR,7.4499764,3.99,37571.2561196275,19.1747519313502,2.0082108646012156,10.533994572122163,110.96504164549918
ITA,5.9216995,16.09,31391.5692898108,20.6626457226581,1.778623485399698,10.35429464189032,107.21141753107858
JAM,2.894788,11.13,5302.29553353854,17.0837288086486,1.0629118786371425,8.575895125306594,73.54597720025741
JPN,9.436406,6.39,40214.9688631562,29.3147155622977,2.244575187326038,10.601994565078419,112.40228875795233
JOR,2.493358,4.67,4366.06999647268,27.2809702412381,0.9136303963174687,8.381618569155604,70.25152983881404
KAZ,16.431355,2.01,7475.56688689424,31.9797903606788,2.7991913997380937,8.919395233094958,79.55561132415707
KEN,0.33836323,69.53,1554.12610314423,18.1621592865164,-1.0836353155462546,7.348668675089776,54.00293129624573
KIR,0.46384445,48.1,1742.66799324117,14.6506451638455,-0.768206020029355,7.463172547308213,55.698944470894965
KWT,25.978886,0.23,27323.6890735517,52.134780154177,3.2572841311853185,10.215509336543535,104.35663100500814
KGZ,1.5751394,22.16,1103.27489428412,26.5464240007793,0.45434377629750805,7.006038212394624,49.084571433533654
LAO,2.374729,51.73,2303.22156035363,28.7595046372574,0.8648833257129458,7.742064100296888,59.939556533105865
LVA,3.6791766,38.48,13838.5266823272,19.1654365749872,1.3026889771450738,9.535211769916,90.92026349714462
LBN,4.1811824,3.96,8089.012088155,15.9539038084869,1.4305940773496566,8.998261887411076,80.96871699443473
LSO,0.95107454,67.08,992.491840678465,30.5866475742865,-0.0501628388564042,6.900218791548676,47.61301937124147
LBR,0.13597633,93.81,714.613063145659,13.7704420019235,-1.995274452511167,6.571741225782789,43.18778273865308
LBY,8.651652,2.3,7525.80299308216,26.0770762664238,2.1577502853678814,8.926092793968106,79.67513256652936
LIE,3.9764316,55.82,165375.491396259,41.9543783150565,1.3803848342109077,12.015973872818792,144.38362811226384
LTU,4.5664067,31.47,14934.2702840428,25.9974602207029,1.5187266155382666,9.611413870001764,92.37927658046227
LUX,15.556185,13.5,106899.293549552,12.0959361207718,2.744458308740142,11.57964248847448,134.08812016088345
MAC,2.8072777,5.38,68911.6755919628,6.6362167139086,1.032215223729693,11.140580899713198,124.11254278305454
MDG,0.1247817,83.85,453.970714522463,19.4099444668858,-2.0811894684141006,6.118032690503652,37.43032400207135
MWI,0.066776246,90.23,450.506105510719,17.655842210407,-2.706407860482179,6.110371629699549,37.336641453037124
MYS,7.4644914,4.55,9476.53409809923,37.6832749440922,2.0101572973908093,9.156573926934232,83.84284607941179
MDV,3.231609,1.25,9947.80744731739,11.2741492757581,1.1729801556176818,9.205107448816927,84.73400314426488
MLI,0.22333899,73.15,872.468587171653,21.8908239361417,-1.4990645272277836,6.771326650186792,45.85086460352988
MLT,3.0220766,9.24,26459.0644285369,12.2788371002364,1.1059442109813251,10.18335407908983,103.70070030011547
MHL,2.9938405,12.05,4229.80988911945,15.2969772051536,1.0965570113652758,8.349912327559757,69.7210358779344
MRT,0.6420559,31.72,1568.00551190332,25.2197600424352,-0.4430799074316017,7.357559716148639,54.133684976693246
MUS,3.3610594,10.33,10095.1225574156,18.3463010991725,1.212256221898312,9.21980767108093,85.00485349172277
MEX,3.9167483,9.06,9097.92397674769,30.6167913885108,1.3652617942580467,9.115801532054995,83.0978375718162
FSM,1.309915,2.31,2997.93719917488,6.00996941896025,0.26996224961172205,8.005679730869717,64.09090795325822
MDA,1.5156391,25.23,2847.08794770479,21.1944646085144,0.41583719819322096,7.9540519781619174,63.26694287130151
MNG,8.42837,3.99,3619.90026383792,33.1780715301999,2.1316033962597523,8.19420175301428,67.1449423691023
MNE,3.2282143,43.89,6968.01202883651,15.5802198596652,1.1719291360603838,8.849085244827707,78.30630967022744
MAR,1.6690949,11.07,3140.85546875,25.685104578574,0.5122815034586533,8.052250484073712,64.83873785826532
MOZ,0.31267935,77.38,441.489734819071,20.5669830121929,-1.1625770544347778,6.090154769080782,37.08998511135739
MMR,0.41059896,69.65,1229.19713515893,34.8095048832944,-0.8901383072792256,7.114116499598659,50.61065356986188
NAM,1.4685864,26.69,4395.68776162376,27.5134032744188,0.3843003054722708,8.388379285162827,70.36490703174883
NPL,0.3608613,79.45,877.256454696737,12.6554177698827,-1.0192616050033472,6.776799372312274,45.92500973257203
NLD,9.579465,5.63,46808.5291492503,16.9640712326865,2.2596217449118683,10.753820712079664,115.64465990755357
NCL,19.340572,3.7,30782.8544433514,20.1611154111133,2.9622050655960597,10.334713140044054,106.80629568699922
NZL,7.2400074,30.05,40088.3205470499,20.1908094668017,1.9796222284965501,10.598840312692452,112.33541597395464
NIC,0.8629591,49.53,2131.68704828322,25.7948753609806,-0.1473879818375431,7.66466898665169,58.747150674940244
NER,0.10352625,80.25,499.910520068193,21.242496389367,-2.267930075245231,6.214429122543351,38.61912931911492
NGA,0.5955475,51.6,2070.4127339595,18.17313172689,-0.5182741284643905,7.635503254770424,58.30090995360974
MKD,3.368327,21.37,5598.48622617967,23.9630460915105,1.2144161819284085,8.630251523427452,74.48124135762185
NOR,8.538622,57.68,73222.4006864905,27.7690672030503,2.144599636467008,11.201256673441986,125.46815106432862
OMN,15.0857725,0,17110.1897460545,47.9402499394191,2.7137520811109175,9.747429456599997,95.01238101139332
PAK,0.80286133,42.08,1424.69161195897,18.1501179723214,-0.2195732698608221,7.26171065662178,52.732441660494324
PLW,11.717236,0.57,17043.6660673147,10.1097127720205,2.4610609201576676,9.743533922038448,94.93645328991396
PSE,0.69835776,15.42,3527.61382413178,17.2627779869396,-0.35902375738545633,8.168376950855361,66.72238201126513
PAN,2.564798,22.14,14832.3611608191,27.4158212522472,0.9418797230849498,9.60456663761834,92.24770029645127
PNG,0.7837863,52.72,2316.39479758492,34.7299715804552,-0.2436188723180759,7.747767289443794,60.02789797137523
PRY,1.1500028,62.54,5775.1596339946,34.496780321782,0.1397643771548033,8.6613211772581,75.01848453561965
PER,1.7072773,27,6217.03599995447,30.5565505783828,0.5348998793594162,8.735048544819481,76.30107308035294
PHL,1.1262923,28.59,2985.19564024046,30.2859171672694,0.11893108750370698,8.001420564798059,64.02273105477329
POL,8.449371,11.34,12464.0121044827,30.6734871058329,2.134092000728624,9.430600739265602,88.93623030343691
PRT,4.8626604,29,19980.2808866516,19.448178094831,1.5815856955470304,9.902501110494697,98.05952824334871
QAT,35.153873,0.05,61253.6375482797,53.2052600553192,3.559734797108525,11.022778515186886,121.5016461948656
ROU,3.8725147,24.4,9404.54005870715,30.1213847463155,1.3539040892990994,9.148947836627244,83.70324651732632
RUS,11.176727,3.36,8663.158203125,29.1739050669208,2.413833669946367,9.066834623656327,82.20749009273317
RWA,0.08826083,85.55,721.258515833094,17.0298263869752,-2.4274588711514165,6.580997624800224,43.30952973762619
KNA,5.056583,1.62,21387.5415511103,24.5143300679441,1.620690958741341,9.970563860974028,99.41214370576132
LCA,2.6908813,11.17,10638.1269396653,10.9907295637127,0.9898687607756104,9.272199707893723,85.97368742306443
VCT,2.2735298,4.1,7656.90042881178,14.3822033821215,0.8213336017404603,8.943362537086006,79.98373346975345
WSM,1.1702677,36.78,4147.07097674888,14.408683481377,0.15723252605695787,8.33015757530341,69.39152522938478
STP,0.71948236,38.06,1434.87018050521,10.3295203947605,-0.32922326998097406,7.268829657554485,52.83588459054365
SAU,20.873049,0.01,22267.7217050387,42.5305962013279,3.038458805291316,10.010893451696953,100.21798770122894
SEN,0.6659878,36.72,1266.43957151587,23.3440535101312,-0.4064839269278486,7.143964755327409,51.036232425360204
SRB,6.3418617,20.91,5982.37030126471,26.5319225334739,1.8471723688774333,8.696572139859216,75.63036698377549
SYC,5.037183,1.21,16566.9946042294,13.6909528775658,1.616846997253047,9.715167718244599,94.38448379362197
SLE,0.15814717,73.59,844.416411175476,19.515679548632,-1.8442292237946327,6.738645751094961,45.40934655875017
SGP,8.802539,0.71,57204.0340105222,23.1093487528648,2.175040202596756,10.954379699540622,119.99843460170769
SXM,19.52908,0.05,37308.6147795736,6.83295797523983,2.9719046367641684,10.526979538202827,110.81729819774101
SVK,6.444788,18.88,16636.0769133073,28.6704533371343,1.8632717421340816,9.719328924157434,94.4653547359633
SVN,7.0186086,21.11,21447.8377796036,27.5997956172164,1.9485649932642823,9.973379116459535,99.46829100063117
SLB,0.44252077,39.16,2082.62383124213,15.5564742486163,-0.815267877782592,7.641383835054492,58.39074691463209
ZAF,7.9820704,7.12,5651.20585165749,23.7825372977493,2.077197826432298,8.639624226440718,74.64310677410138
KOR,12.435496,2.58,30832.0628072516,35.226493712639,2.520554963874442,10.336310427732107,106.83931325844348
ESP,5.554019,16.55,26755.6061149398,19.7937250159622,1.7145218098366246,10.19449930475678,103.92781607468648
LKA,1.0195531,45.14,4149.19189391879,30.48271772947,0.019364394031105896,8.330668869906576,69.40004382003052
SDN,0.47836417,58.89,1033.21594238281,16.9000000015638,-0.7373829746354719,6.94043149120602,48.16958928412422
SUR,4.9569607,11.1,5644.2061057532,26.7553600175618,1.6007927908246402,8.638384829980152,74.62169247083122
SWE,4.3643203,50.97,51703.5088332851,22.0060731182678,1.4734624612444749,10.853280927309282,117.79370688709542
CHE,4.6836095,24.61,83432.4111596314,24.8224218751812,1.544069073344633,11.331792135869636,128.4095130105569
SYR,1.5193428,1.37,656.349017520952,16.2367806484668,0.4182778729389552,6.486692686365462,42.077182007347176
TJK,0.67856306,43.66,788.710481734485,32.2133662345342,-0.38777786371638995,6.670399310203407,44.494226957562084
TZA,0.25136462,81.76,953.0107421875,24.8583993681558,-1.3808507246310058,6.859626175560768,47.05447126843845
THA,4.008554,22.57,5833.57715617098,35.586765405076,1.388430577783463,8.671385668570714,75.19292941309357
TGO,0.3183832,80.64,843.114204338675,20.8834101208291,-1.144499590223064,6.737102422537479,45.388549051760364
TON,1.3192844,1.7,3987.9861883704302,15.9723676283725,0.27708946838532333,8.291041667778448,68.74137193683842
TTO,27.742865,0.43,17449.1538801956,34.414585903593,3.3229786900150535,9.76704643821404,95.39519612622956
TUN,2.6864736,12.34,3847.80354448809,24.0076023041992,0.9882294042261152,8.255257756555089,68.14928062716297
TUR,4.9668326,13.23,10984.3643169061,28.3385128402288,1.6027823331211954,9.304228114860809,86.56866081336632
TKM,9.762661,0.06,5238.00827202546,51.4325436635517,2.278565006707155,8.563696604299984,73.33689953049908
TCA,8.50493,0.37,31373.5612684327,7.96687070223397,2.1406459953612798,10.35372081939646,107.19953480600368
UGA,0.124162994,91.43,752.696571725656,26.1664603884593,-2.0861601087915758,6.623662187394344,43.87290077271763
UKR,5.1320014,5.48,2158.46118164063,23.1783620717483,1.635495719551482,7.677150830882293,58.938644880116684
ARE,25.235403,0.12,42721.1136110991,39.8749869565396,3.2282478895478075,10.66244854096986,113.6878088888303
GBR,6.061766,7.78,41258.5374285695,17.6677948178206,1.802001176768827,10.627613338313234,112.94616526869335
USA,15.934658,9.33,57976.628204291,17.9368724917791,2.768496485448836,10.967795246322572,120.29253256525601
URY,1.9295201,60.32,17009.7584207276,18.867314407332,0.6572713191478079,9.74154248309785,94.89764995000023
UZB,3.5109115,1.6,3128.42307170099,24.566866846542,1.25587569037473,8.048284345620665,64.77488090796265
VUT,0.5520972,30.82,3339.83436471043,12.1279444884046,-0.5940311612500085,8.113676493336989,65.83174623852922
VNM,2.3513482,26.96,2735.0604380416,34.1152288612372,0.8549888657795761,7.913908812616166,62.62995269440381
YEM,0.31279996,2.39,975.359417003225,25.9022680665842,-1.162191398188227,6.882806035893282,47.37301892772899
ZMB,0.35341817,83.24,1239.08527877713,34.8771666095938,-1.040103305590847,7.122128707974946,50.72471733296088
ZWE,0.7252073,64.58,1408.13945253431,22.1153495385289,-0.32129773396346717,7.250024574806672,52.56285633530067
